[{"name":"AdaptiveInputSelectionToolTemplate","qualifiedName":"aureus.AdaptiveInputSelectionToolTemplate","href":"aureus/AdaptiveInputSelectionToolTemplate-class.html","type":"class","categories":["Widgets"],"subcategories":["Tools"],"image":"<image alt='' src=''>"},{"name":"AdaptiveInputToolTemplate","qualifiedName":"aureus.AdaptiveInputToolTemplate","href":"aureus/AdaptiveInputToolTemplate-class.html","type":"class","categories":["Widgets"],"subcategories":["Tools"],"image":"<image alt='' src=''>"},{"name":"AddressDataCardElement","qualifiedName":"aureus.AddressDataCardElement","href":"aureus/AddressDataCardElement-class.html","type":"class","categories":["Widgets"],"subcategories":["Elements"],"image":"<image alt='' src=''>"},{"name":"AlertControllerActionSeverity","qualifiedName":"aureus.AlertControllerActionSeverity","href":"aureus/AlertControllerActionSeverity.html","type":"enum","categories":["Objects"],"image":"<image alt='' src=''>"},{"name":"ArticleViewElement","qualifiedName":"aureus.ArticleViewElement","href":"aureus/ArticleViewElement-class.html","type":"class","categories":["Widgets"],"subcategories":["Elements"],"image":"<image alt='' src=''>"},{"name":"AureusCards","qualifiedName":"aureus.AureusCards","href":"aureus/AureusCards-class.html","type":"class","categories":["Objects"],"image":"<image alt='' src=''>"},{"name":"AureusPalette","qualifiedName":"aureus.AureusPalette","href":"aureus/AureusPalette-class.html","type":"class","categories":["Foundation"]},{"name":"AureusResourceMaster","qualifiedName":"aureus.AureusResourceMaster","href":"aureus/AureusResourceMaster-class.html","type":"class","categories":["Objects"],"image":"<image alt='' src=''>"},{"name":"BannerNotificationComponent","qualifiedName":"aureus.BannerNotificationComponent","href":"aureus/BannerNotificationComponent-class.html","type":"class","categories":["Widgets"],"subcategories":["Components"],"image":"<image alt='' src=''>"},{"name":"BaseBackingDecoration","qualifiedName":"aureus.BaseBackingDecoration","href":"aureus/BaseBackingDecoration-class.html","type":"class","categories":["Foundation"]},{"name":"BaseCardToolTemplate","qualifiedName":"aureus.BaseCardToolTemplate","href":"aureus/BaseCardToolTemplate-class.html","type":"class","categories":["Widgets"],"subcategories":["Tools"],"image":"<image alt='' src=''>"},{"name":"BaseDataDetailCard","qualifiedName":"aureus.BaseDataDetailCard","href":"aureus/BaseDataDetailCard-class.html","type":"class","categories":["Widgets"],"subcategories":["Elements"],"image":"<image alt='' src=''>"},{"name":"BasePageToolTemplate","qualifiedName":"aureus.BasePageToolTemplate","href":"aureus/BasePageToolTemplate-class.html","type":"class","categories":["Widgets"],"subcategories":["Tools"],"image":"<image alt='' src=''>"},{"name":"BlankScreenComponent","qualifiedName":"aureus.BlankScreenComponent","href":"aureus/BlankScreenComponent-class.html","type":"class","categories":["Widgets"],"subcategories":["Components"],"image":"<image alt='' src=''>"},{"name":"BottomActionSheetComponent","qualifiedName":"aureus.BottomActionSheetComponent","href":"aureus/BottomActionSheetComponent-class.html","type":"class","categories":["Widgets"],"subcategories":["Components"],"image":"<image alt='' src=''>"},{"name":"CameraInputToolTemplate","qualifiedName":"aureus.CameraInputToolTemplate","href":"aureus/CameraInputToolTemplate-class.html","type":"class","categories":["Widgets"],"subcategories":["Tools"],"image":"<image alt='' src=''>"},{"name":"CategoryIconDetailCardElement","qualifiedName":"aureus.CategoryIconDetailCardElement","href":"aureus/CategoryIconDetailCardElement-class.html","type":"class","categories":["Widgets"],"subcategories":["Elements"],"image":"<image alt='' src=''>"},{"name":"CenteredAlertControllerComponent","qualifiedName":"aureus.CenteredAlertControllerComponent","href":"aureus/CenteredAlertControllerComponent-class.html","type":"class","categories":["Widgets"],"subcategories":["Components"],"image":"<image alt='' src=''>"},{"name":"ChangeAccountItemView","qualifiedName":"aureus.ChangeAccountItemView","href":"aureus/ChangeAccountItemView-class.html","type":"class","categories":["Widgets"],"subcategories":["Views"],"image":"<image alt='' src=''>"},{"name":"CheckboxArticleView","qualifiedName":"aureus.CheckboxArticleView","href":"aureus/CheckboxArticleView-class.html","type":"class","categories":["Widgets"],"subcategories":["Views"],"image":"<image alt='' src=''>"},{"name":"CircleAnimation","qualifiedName":"aureus.CircleAnimation","href":"aureus/CircleAnimation-class.html","type":"class","categories":["Foundation"]},{"name":"ColorCodeBuilder","qualifiedName":"aureus.ColorCodeBuilder","href":"aureus/ColorCodeBuilder.html","type":"typedef","categories":["Widgets"],"subcategories":["Tools"],"image":"<image alt='' src=''>"},{"name":"Coloration","qualifiedName":"aureus.Coloration","href":"aureus/Coloration-class.html","type":"class","categories":["Foundation"]},{"name":"CompletionCircleElement","qualifiedName":"aureus.CompletionCircleElement","href":"aureus/CompletionCircleElement-class.html","type":"class","categories":["Widgets"],"subcategories":["Elements"],"image":"<image alt='' src=''>"},{"name":"ComplexBadgeCardElement","qualifiedName":"aureus.ComplexBadgeCardElement","href":"aureus/ComplexBadgeCardElement-class.html","type":"class","categories":["Widgets"],"subcategories":["Elements"],"image":"<image alt='' src=''>"},{"name":"ComplexCardElement","qualifiedName":"aureus.ComplexCardElement","href":"aureus/ComplexCardElement-class.html","type":"class","categories":["Widgets"],"subcategories":["Elements"],"image":"<image alt='' src=''>"},{"name":"ComplexSwitchCardElement","qualifiedName":"aureus.ComplexSwitchCardElement","href":"aureus/ComplexSwitchCardElement-class.html","type":"class","categories":["Widgets"],"subcategories":["Elements"],"image":"<image alt='' src=''>"},{"name":"ContainerView","qualifiedName":"aureus.ContainerView","href":"aureus/ContainerView-class.html","type":"class","categories":["Widgets"],"subcategories":["Views"],"image":"<image alt='' src=''>"},{"name":"ContainerWrapperElement","qualifiedName":"aureus.ContainerWrapperElement","href":"aureus/ContainerWrapperElement-class.html","type":"class","categories":["Widgets"],"subcategories":["Elements"],"image":"<image alt='' src=''>"},{"name":"ContentWarningComponent","qualifiedName":"aureus.ContentWarningComponent","href":"aureus/ContentWarningComponent-class.html","type":"class","categories":["Widgets"],"subcategories":["Components"],"image":"<image alt='' src=''>"},{"name":"CookieBannerComponent","qualifiedName":"aureus.CookieBannerComponent","href":"aureus/CookieBannerComponent-class.html","type":"class","categories":["Widgets"],"subcategories":["Components"],"image":"<image alt='' src=''>"},{"name":"CoreTool","qualifiedName":"aureus.CoreTool","href":"aureus/CoreTool-class.html","type":"class","categories":["Objects"],"image":"<image alt='' src=''>"},{"name":"DataConsent","qualifiedName":"aureus.DataConsent","href":"aureus/DataConsent-class.html","type":"class","categories":["Objects"],"image":"<image alt='' src=''>"},{"name":"DataDetail","qualifiedName":"aureus.DataDetail","href":"aureus/DataDetail-class.html","type":"class","categories":["Objects"],"image":"<image alt='' src=''>"},{"name":"DataDetailView","qualifiedName":"aureus.DataDetailView","href":"aureus/DataDetailView-class.html","type":"class","categories":["Widgets"],"subcategories":["Views"],"image":"<image alt='' src=''>"},{"name":"DataOptInView","qualifiedName":"aureus.DataOptInView","href":"aureus/DataOptInView-class.html","type":"class","categories":["Widgets"],"subcategories":["Views"],"image":"<image alt='' src=''>"},{"name":"DatePickerInputToolTemplate","qualifiedName":"aureus.DatePickerInputToolTemplate","href":"aureus/DatePickerInputToolTemplate-class.html","type":"class","categories":["Widgets"],"subcategories":["Tools"],"image":"<image alt='' src=''>"},{"name":"DetailBadgeCardElement","qualifiedName":"aureus.DetailBadgeCardElement","href":"aureus/DetailBadgeCardElement-class.html","type":"class","categories":["Widgets"],"subcategories":["Elements"],"image":"<image alt='' src=''>"},{"name":"DetailCardCarouselComponent","qualifiedName":"aureus.DetailCardCarouselComponent","href":"aureus/DetailCardCarouselComponent-class.html","type":"class","categories":["Widgets"],"subcategories":["Components"],"image":"<image alt='' src=''>"},{"name":"DetailCardElement","qualifiedName":"aureus.DetailCardElement","href":"aureus/DetailCardElement-class.html","type":"class","categories":["Widgets"],"subcategories":["Elements"],"image":"<image alt='' src=''>"},{"name":"DetailCarouselCardElement","qualifiedName":"aureus.DetailCarouselCardElement","href":"aureus/DetailCarouselCardElement-class.html","type":"class","categories":["Widgets"],"subcategories":["Elements"],"image":"<image alt='' src=''>"},{"name":"DividerElement","qualifiedName":"aureus.DividerElement","href":"aureus/DividerElement-class.html","type":"class","categories":["Widgets"],"subcategories":["Elements"],"image":"<image alt='' src=''>"},{"name":"DividingHeaderElement","qualifiedName":"aureus.DividingHeaderElement","href":"aureus/DividingHeaderElement-class.html","type":"class","categories":["Widgets"],"subcategories":["Elements"],"image":"<image alt='' src=''>"},{"name":"DualColumnInputToolTemplate","qualifiedName":"aureus.DualColumnInputToolTemplate","href":"aureus/DualColumnInputToolTemplate-class.html","type":"class","categories":["Widgets"],"subcategories":["Tools"],"image":"<image alt='' src=''>"},{"name":"EclipseShadowElement","qualifiedName":"aureus.EclipseShadowElement","href":"aureus/EclipseShadowElement-class.html","type":"class","categories":["Widgets"],"subcategories":["Elements"],"image":"<image alt='' src=''>"},{"name":"EmergencyAccessBarComponent","qualifiedName":"aureus.EmergencyAccessBarComponent","href":"aureus/EmergencyAccessBarComponent-class.html","type":"class","categories":["Widgets"],"subcategories":["Components"],"image":"<image alt='' src=''>"},{"name":"ExitBarComponent","qualifiedName":"aureus.ExitBarComponent","href":"aureus/ExitBarComponent-class.html","type":"class","categories":["Widgets"],"subcategories":["Components"],"image":"<image alt='' src=''>"},{"name":"FloatingContainerElement","qualifiedName":"aureus.FloatingContainerElement","href":"aureus/FloatingContainerElement-class.html","type":"class","categories":["Widgets"],"subcategories":["Elements"],"image":"<image alt='' src=''>"},{"name":"FullWidthButtonElement","qualifiedName":"aureus.FullWidthButtonElement","href":"aureus/FullWidthButtonElement-class.html","type":"class","categories":["Widgets"],"subcategories":["Components"],"image":"<image alt='' src=''>"},{"name":"GridBadgeCardElement","qualifiedName":"aureus.GridBadgeCardElement","href":"aureus/GridBadgeCardElement-class.html","type":"class","categories":["Widgets"],"subcategories":["Elements"],"image":"<image alt='' src=''>"},{"name":"GridCardElement","qualifiedName":"aureus.GridCardElement","href":"aureus/GridCardElement-class.html","type":"class","categories":["Widgets"],"subcategories":["Elements"],"image":"<image alt='' src=''>"},{"name":"GridCardSelectToolTemplate","qualifiedName":"aureus.GridCardSelectToolTemplate","href":"aureus/GridCardSelectToolTemplate-class.html","type":"class","categories":["Widgets"],"subcategories":["Tools"],"image":"<image alt='' src=''>"},{"name":"HelpCenterObject","qualifiedName":"aureus.HelpCenterObject","href":"aureus/HelpCenterObject-class.html","type":"class","categories":["Objects"],"image":"<image alt='' src=''>"},{"name":"HelpCenterView","qualifiedName":"aureus.HelpCenterView","href":"aureus/HelpCenterView-class.html","type":"class","categories":["Widgets"],"subcategories":["Views"],"image":"<image alt='' src=''>"},{"name":"IconBadge","qualifiedName":"aureus.IconBadge","href":"aureus/IconBadge-class.html","type":"class","categories":["Widgets"],"subcategories":["Elements"],"image":"<image alt='' src=''>"},{"name":"IconButtonElement","qualifiedName":"aureus.IconButtonElement","href":"aureus/IconButtonElement-class.html","type":"class","categories":["Widgets"],"subcategories":["Components"],"image":"<image alt='' src=''>"},{"name":"IconTabbingBarComponent","qualifiedName":"aureus.IconTabbingBarComponent","href":"aureus/IconTabbingBarComponent-class.html","type":"class","categories":["Widgets"],"subcategories":["Components"],"image":"<image alt='' src=''>"},{"name":"LandingPageView","qualifiedName":"aureus.LandingPageView","href":"aureus/LandingPageView-class.html","type":"class","categories":["Widgets"],"subcategories":["Views"],"image":"<image alt='' src=''>"},{"name":"ListViewButtonSelectToolTemplate","qualifiedName":"aureus.ListViewButtonSelectToolTemplate","href":"aureus/ListViewButtonSelectToolTemplate-class.html","type":"class","categories":["Widgets"],"subcategories":["Tools"],"image":"<image alt='' src=''>"},{"name":"ListViewPickerSelectToolTemplate","qualifiedName":"aureus.ListViewPickerSelectToolTemplate","href":"aureus/ListViewPickerSelectToolTemplate-class.html","type":"class","categories":["Widgets"],"subcategories":["Tools"],"image":"<image alt='' src=''>"},{"name":"LoadingCircleElement","qualifiedName":"aureus.LoadingCircleElement","href":"aureus/LoadingCircleElement-class.html","type":"class","categories":["Widgets"],"subcategories":["Elements"],"image":"<image alt='' src=''>"},{"name":"MapInputToolTemplate","qualifiedName":"aureus.MapInputToolTemplate","href":"aureus/MapInputToolTemplate-class.html","type":"class","categories":["Widgets"],"subcategories":["Tools"],"image":"<image alt='' src=''>"},{"name":"MessageBubbleComponent","qualifiedName":"aureus.MessageBubbleComponent","href":"aureus/MessageBubbleComponent-class.html","type":"class","categories":["Widgets"],"subcategories":["Components"],"image":"<image alt='' src=''>"},{"name":"MicrophoneInputToolTemplate","qualifiedName":"aureus.MicrophoneInputToolTemplate","href":"aureus/MicrophoneInputToolTemplate-class.html","type":"class","categories":["Widgets"],"subcategories":["Tools"],"image":"<image alt='' src=''>"},{"name":"MissionHeaderElement","qualifiedName":"aureus.MissionHeaderElement","href":"aureus/MissionHeaderElement-class.html","type":"class","categories":["Widgets"],"subcategories":["Elements"],"image":"<image alt='' src=''>"},{"name":"NavBarComponent","qualifiedName":"aureus.NavBarComponent","href":"aureus/NavBarComponent-class.html","type":"class","categories":["Widgets"],"subcategories":["Components"],"image":"<image alt='' src=''>"},{"name":"NotificationComponent","qualifiedName":"aureus.NotificationComponent","href":"aureus/NotificationComponent-class.html","type":"class","categories":["Widgets"],"subcategories":["Components"],"image":"<image alt='' src=''>"},{"name":"NotificationOverlayView","qualifiedName":"aureus.NotificationOverlayView","href":"aureus/NotificationOverlayView-class.html","type":"class","categories":["Widgets"],"subcategories":["Views"],"image":"<image alt='' src=''>"},{"name":"NumberPadComponent","qualifiedName":"aureus.NumberPadComponent","href":"aureus/NumberPadComponent-class.html","type":"class","categories":["Widgets"],"subcategories":["Components"],"image":"<image alt='' src=''>"},{"name":"OnboardingDemoView","qualifiedName":"aureus.OnboardingDemoView","href":"aureus/OnboardingDemoView-class.html","type":"class","categories":["Widgets"],"subcategories":["Views"],"image":"<image alt='' src=''>"},{"name":"OnboardingInformationView","qualifiedName":"aureus.OnboardingInformationView","href":"aureus/OnboardingInformationView-class.html","type":"class","categories":["Widgets"],"subcategories":["Views"],"image":"<image alt='' src=''>"},{"name":"OnboardingLandingView","qualifiedName":"aureus.OnboardingLandingView","href":"aureus/OnboardingLandingView-class.html","type":"class","categories":["Widgets"],"subcategories":["Views"],"image":"<image alt='' src=''>"},{"name":"OnboardingObject","qualifiedName":"aureus.OnboardingObject","href":"aureus/OnboardingObject-class.html","type":"class","categories":["Objects"],"image":"<image alt='' src=''>"},{"name":"PageHeaderElement","qualifiedName":"aureus.PageHeaderElement","href":"aureus/PageHeaderElement-class.html","type":"class","categories":["Widgets"],"subcategories":["Elements"],"image":"<image alt='' src=''>"},{"name":"PasscodeView","qualifiedName":"aureus.PasscodeView","href":"aureus/PasscodeView-class.html","type":"class","categories":["Widgets"],"subcategories":["Views"],"image":"<image alt='' src=''>"},{"name":"PoetryGradientView","qualifiedName":"aureus.PoetryGradientView","href":"aureus/PoetryGradientView-class.html","type":"class","categories":["Widgets"],"subcategories":["Views"],"image":"<image alt='' src=''>"},{"name":"ProgressIndicatorElement","qualifiedName":"aureus.ProgressIndicatorElement","href":"aureus/ProgressIndicatorElement-class.html","type":"class","categories":["Widgets"],"subcategories":["Elements"],"image":"<image alt='' src=''>"},{"name":"PromptListUserInputToolTemplate","qualifiedName":"aureus.PromptListUserInputToolTemplate","href":"aureus/PromptListUserInputToolTemplate-class.html","type":"class","categories":["Widgets"],"subcategories":["Tools"],"image":"<image alt='' src=''>"},{"name":"PromptSelectionCardList","qualifiedName":"aureus.PromptSelectionCardList","href":"aureus/PromptSelectionCardList-class.html","type":"class","categories":["Widgets"],"subcategories":["Elements"],"image":"<image alt='' src=''>"},{"name":"PulseInputToolTemplate","qualifiedName":"aureus.PulseInputToolTemplate","href":"aureus/PulseInputToolTemplate-class.html","type":"class","categories":["Widgets"],"subcategories":["Tools"],"image":"<image alt='' src=''>"},{"name":"PulseShadowElement","qualifiedName":"aureus.PulseShadowElement","href":"aureus/PulseShadowElement-class.html","type":"class","categories":["Widgets"],"subcategories":["Elements"],"image":"<image alt='' src=''>"},{"name":"Safety","qualifiedName":"aureus.Safety","href":"aureus/Safety-class.html","type":"class","categories":["Safety"]},{"name":"SafetyOptionDetails","qualifiedName":"aureus.SafetyOptionDetails","href":"aureus/SafetyOptionDetails-class.html","type":"class","categories":["Safety"]},{"name":"SafetyPlanFrequency","qualifiedName":"aureus.SafetyPlanFrequency","href":"aureus/SafetyPlanFrequency.html","type":"enum","categories":["Safety"]},{"name":"SafetyPlanLogInAuditView","qualifiedName":"aureus.SafetyPlanLogInAuditView","href":"aureus/SafetyPlanLogInAuditView-class.html","type":"class","categories":["Widgets"],"subcategories":["Views"],"image":"<image alt='' src=''>"},{"name":"SafetyPlanOptInView","qualifiedName":"aureus.SafetyPlanOptInView","href":"aureus/SafetyPlanOptInView-class.html","type":"class","categories":["Widgets"],"subcategories":["Views"],"image":"<image alt='' src=''>"},{"name":"SafetyPlanOptionsView","qualifiedName":"aureus.SafetyPlanOptionsView","href":"aureus/SafetyPlanOptionsView-class.html","type":"class","categories":["Widgets"],"subcategories":["Views"],"image":"<image alt='' src=''>"},{"name":"SafetyPlanSettingsView","qualifiedName":"aureus.SafetyPlanSettingsView","href":"aureus/SafetyPlanSettingsView-class.html","type":"class","categories":["Widgets"],"subcategories":["Views"],"image":"<image alt='' src=''>"},{"name":"SearchBarComponent","qualifiedName":"aureus.SearchBarComponent","href":"aureus/SearchBarComponent-class.html","type":"class","categories":["Widgets"],"subcategories":["Components"],"image":"<image alt='' src=''>"},{"name":"SemanticsWrapper","qualifiedName":"aureus.SemanticsWrapper","href":"aureus/SemanticsWrapper-class.html","type":"class","categories":["Foundation"]},{"name":"SendFieldComponent","qualifiedName":"aureus.SendFieldComponent","href":"aureus/SendFieldComponent-class.html","type":"class","categories":["Widgets"],"subcategories":["Components"],"image":"<image alt='' src=''>"},{"name":"SensoryMapToolTemplate","qualifiedName":"aureus.SensoryMapToolTemplate","href":"aureus/SensoryMapToolTemplate-class.html","type":"class","categories":["Widgets"],"subcategories":["Tools"],"image":"<image alt='' src=''>"},{"name":"SettingSection","qualifiedName":"aureus.SettingSection","href":"aureus/SettingSection-class.html","type":"class","categories":["Objects"],"image":"<image alt='' src=''>"},{"name":"SettingsView","qualifiedName":"aureus.SettingsView","href":"aureus/SettingsView-class.html","type":"class","categories":["Widgets"],"subcategories":["Views"],"image":"<image alt='' src=''>"},{"name":"SignInView","qualifiedName":"aureus.SignInView","href":"aureus/SignInView-class.html","type":"class","categories":["Widgets"],"subcategories":["Views"],"image":"<image alt='' src=''>"},{"name":"SingleInputToolTemplate","qualifiedName":"aureus.SingleInputToolTemplate","href":"aureus/SingleInputToolTemplate-class.html","type":"class","categories":["Widgets"],"subcategories":["Tools"],"image":"<image alt='' src=''>"},{"name":"SingleSliderToolTemplate","qualifiedName":"aureus.SingleSliderToolTemplate","href":"aureus/SingleSliderToolTemplate-class.html","type":"class","categories":["Widgets"],"subcategories":["Tools"],"image":"<image alt='' src=''>"},{"name":"Sizing","qualifiedName":"aureus.Sizing","href":"aureus/Sizing-class.html","type":"class","categories":["Foundation"]},{"name":"SketchToolTemplate","qualifiedName":"aureus.SketchToolTemplate","href":"aureus/SketchToolTemplate-class.html","type":"class","categories":["Widgets"],"subcategories":["Tools"],"image":"<image alt='' src=''>"},{"name":"SliderElement","qualifiedName":"aureus.SliderElement","href":"aureus/SliderElement-class.html","type":"class","categories":["Widgets"],"subcategories":["Elements"],"image":"<image alt='' src=''>"},{"name":"SmolButtonElement","qualifiedName":"aureus.SmolButtonElement","href":"aureus/SmolButtonElement-class.html","type":"class","categories":["Widgets"],"subcategories":["Components"],"image":"<image alt='' src=''>"},{"name":"SmolTextTabbingBarComponent","qualifiedName":"aureus.SmolTextTabbingBarComponent","href":"aureus/SmolTextTabbingBarComponent-class.html","type":"class","categories":["Widgets"],"subcategories":["Components"],"image":"<image alt='' src=''>"},{"name":"SplashScreenView","qualifiedName":"aureus.SplashScreenView","href":"aureus/SplashScreenView-class.html","type":"class","categories":["Widgets"],"subcategories":["Views"],"image":"<image alt='' src=''>"},{"name":"StandardAccordionCardElement","qualifiedName":"aureus.StandardAccordionCardElement","href":"aureus/StandardAccordionCardElement-class.html","type":"class","categories":["Widgets"],"subcategories":["Elements"],"image":"<image alt='' src=''>"},{"name":"StandardBadgeCardElement","qualifiedName":"aureus.StandardBadgeCardElement","href":"aureus/StandardBadgeCardElement-class.html","type":"class","categories":["Widgets"],"subcategories":["Elements"],"image":"<image alt='' src=''>"},{"name":"StandardButtonElement","qualifiedName":"aureus.StandardButtonElement","href":"aureus/StandardButtonElement-class.html","type":"class","categories":["Widgets"],"subcategories":["Components"],"image":"<image alt='' src=''>"},{"name":"StandardCardElement","qualifiedName":"aureus.StandardCardElement","href":"aureus/StandardCardElement-class.html","type":"class","categories":["Widgets"],"subcategories":["Elements"],"image":"<image alt='' src=''>"},{"name":"StandardIconButtonElement","qualifiedName":"aureus.StandardIconButtonElement","href":"aureus/StandardIconButtonElement-class.html","type":"class","categories":["Widgets"],"subcategories":["Components"],"image":"<image alt='' src=''>"},{"name":"StandardSelectionCardElement","qualifiedName":"aureus.StandardSelectionCardElement","href":"aureus/StandardSelectionCardElement-class.html","type":"class","categories":["Widgets"],"subcategories":["Elements"],"image":"<image alt='' src=''>"},{"name":"StandardSwitchCardElement","qualifiedName":"aureus.StandardSwitchCardElement","href":"aureus/StandardSwitchCardElement-class.html","type":"class","categories":["Widgets"],"subcategories":["Elements"],"image":"<image alt='' src=''>"},{"name":"StandardTextFieldComponent","qualifiedName":"aureus.StandardTextFieldComponent","href":"aureus/StandardTextFieldComponent-class.html","type":"class","categories":["Widgets"],"subcategories":["Elements"],"image":"<image alt='' src=''>"},{"name":"SwitchComponent","qualifiedName":"aureus.SwitchComponent","href":"aureus/SwitchComponent-class.html","type":"class","categories":["Widgets"],"subcategories":["Components"],"image":"<image alt='' src=''>"},{"name":"TFAVerificationView","qualifiedName":"aureus.TFAVerificationView","href":"aureus/TFAVerificationView-class.html","type":"class","categories":["Widgets"],"subcategories":["Views"],"image":"<image alt='' src=''>"},{"name":"TabSubheaderElement","qualifiedName":"aureus.TabSubheaderElement","href":"aureus/TabSubheaderElement-class.html","type":"class","categories":["Widgets"],"subcategories":["Elements"],"image":"<image alt='' src=''>"},{"name":"TabbingBarObject","qualifiedName":"aureus.TabbingBarObject","href":"aureus/TabbingBarObject-class.html","type":"class","categories":["Objects"],"image":"<image alt='' src=''>"},{"name":"TextFieldAlertControllerComponent","qualifiedName":"aureus.TextFieldAlertControllerComponent","href":"aureus/TextFieldAlertControllerComponent-class.html","type":"class","categories":["Widgets"],"subcategories":["Components"],"image":"<image alt='' src=''>"},{"name":"TextFieldDataCardElement","qualifiedName":"aureus.TextFieldDataCardElement","href":"aureus/TextFieldDataCardElement-class.html","type":"class","categories":["Widgets"],"subcategories":["Elements"],"image":"<image alt='' src=''>"},{"name":"TextViewComponent","qualifiedName":"aureus.TextViewComponent","href":"aureus/TextViewComponent-class.html","type":"class","categories":["Widgets"],"subcategories":["Elements"],"image":"<image alt='' src=''>"},{"name":"TextViewDataCardElement","qualifiedName":"aureus.TextViewDataCardElement","href":"aureus/TextViewDataCardElement-class.html","type":"class","categories":["Widgets"],"subcategories":["Elements"],"image":"<image alt='' src=''>"},{"name":"TimePickerDataCardElement","qualifiedName":"aureus.TimePickerDataCardElement","href":"aureus/TimePickerDataCardElement-class.html","type":"class","categories":["Widgets"],"subcategories":["Elements"],"image":"<image alt='' src=''>"},{"name":"TimePickerInputToolTemplate","qualifiedName":"aureus.TimePickerInputToolTemplate","href":"aureus/TimePickerInputToolTemplate-class.html","type":"class","categories":["Widgets"],"subcategories":["Tools"],"image":"<image alt='' src=''>"},{"name":"TimerElement","qualifiedName":"aureus.TimerElement","href":"aureus/TimerElement-class.html","type":"class","categories":["Widgets"],"subcategories":["Elements"],"image":"<image alt='' src=''>"},{"name":"TimerToolTemplate","qualifiedName":"aureus.TimerToolTemplate","href":"aureus/TimerToolTemplate-class.html","type":"class","categories":["Widgets"],"subcategories":["Tools"],"image":"<image alt='' src=''>"},{"name":"ToolDetailView","qualifiedName":"aureus.ToolDetailView","href":"aureus/ToolDetailView-class.html","type":"class","categories":["Widgets"],"subcategories":["Views"],"image":"<image alt='' src=''>"},{"name":"ToolNextStepsView","qualifiedName":"aureus.ToolNextStepsView","href":"aureus/ToolNextStepsView-class.html","type":"class","categories":["Widgets"],"subcategories":["Views"],"image":"<image alt='' src=''>"},{"name":"ToolSummaryView","qualifiedName":"aureus.ToolSummaryView","href":"aureus/ToolSummaryView-class.html","type":"class","categories":["Widgets"],"subcategories":["Views"],"image":"<image alt='' src=''>"},{"name":"ToolTemplateCardCarouselView","qualifiedName":"aureus.ToolTemplateCardCarouselView","href":"aureus/ToolTemplateCardCarouselView-class.html","type":"class","categories":["Widgets"],"subcategories":["Views"],"image":"<image alt='' src=''>"},{"name":"TriInputToolTemplate","qualifiedName":"aureus.TriInputToolTemplate","href":"aureus/TriInputToolTemplate-class.html","type":"class","categories":["Widgets"],"subcategories":["Tools"],"image":"<image alt='' src=''>"},{"name":"VerticalSideNavBarComponent","qualifiedName":"aureus.VerticalSideNavBarComponent","href":"aureus/VerticalSideNavBarComponent-class.html","type":"class","categories":["Widgets"],"subcategories":["Components"],"image":"<image alt='' src=''>"},{"name":"VideoInputToolTemplate","qualifiedName":"aureus.VideoInputToolTemplate","href":"aureus/VideoInputToolTemplate-class.html","type":"class","categories":["Widgets"],"subcategories":["Tools"],"image":"<image alt='' src=''>"},{"name":"YesNoButtonSelectToolTemplate","qualifiedName":"aureus.YesNoButtonSelectToolTemplate","href":"aureus/YesNoButtonSelectToolTemplate-class.html","type":"class","categories":["Widgets"],"subcategories":["Tools"],"image":"<image alt='' src=''>"},{"name":"deviceVariants","qualifiedName":"aureus.deviceVariants","href":"aureus/deviceVariants.html","type":"enum","categories":["Foundation"]},{"name":"fontChoice","qualifiedName":"aureus.fontChoice","href":"aureus/fontChoice.html","type":"top-level property","categories":["Foundation"]},{"name":"notificationMaster","qualifiedName":"aureus.notificationMaster","href":"aureus/notificationMaster.html","type":"top-level property","categories":["Objects"],"image":"<image alt='' src=''>"},{"name":"sensation","qualifiedName":"aureus.sensation","href":"aureus/sensation.html","type":"top-level property","categories":["Foundation"]},{"name":"titleCase","qualifiedName":"aureus.titleCase","href":"aureus/titleCase.html","type":"top-level property","categories":["Foundation"]}]
